benchmark,problem_id,config,seed,pass_all_tests,test_pass_rate,tokens_input,tokens_output,latency_seconds,revision_count,timestamp,model,error
HE,HumanEval/0,baseline,42,True,1.0,202,68,9.9956,0,2026-05-22T14:59:39.747356+00:00,qwen2.5-coder:7b-instruct-q4_K_M,
HE,HumanEval/0,baseline,123,True,1.0,202,68,4.028,0,2026-05-22T14:59:50.894484+00:00,qwen2.5-coder:7b-instruct-q4_K_M,
HE,HumanEval/0,baseline,456,True,1.0,202,66,3.7524,0,2026-05-22T14:59:55.025569+00:00,qwen2.5-coder:7b-instruct-q4_K_M,
HE,HumanEval/1,baseline,42,True,1.0,195,105,6.1179,0,2026-05-22T14:59:58.874680+00:00,qwen2.5-coder:7b-instruct-q4_K_M,
HE,HumanEval/1,baseline,123,True,1.0,195,105,5.4748,0,2026-05-22T15:00:05.078533+00:00,qwen2.5-coder:7b-instruct-q4_K_M,
HE,HumanEval/1,baseline,456,True,1.0,195,108,5.6426,0,2026-05-22T15:00:10.650543+00:00,qwen2.5-coder:7b-instruct-q4_K_M,
HE,HumanEval/2,baseline,42,True,1.0,162,22,1.8703,0,2026-05-22T15:00:16.388071+00:00,qwen2.5-coder:7b-instruct-q4_K_M,
HE,HumanEval/2,baseline,123,True,1.0,162,22,1.2262,0,2026-05-22T15:00:18.358215+00:00,qwen2.5-coder:7b-instruct-q4_K_M,
HE,HumanEval/2,baseline,456,True,1.0,162,22,1.2342,0,2026-05-22T15:00:19.682708+00:00,qwen2.5-coder:7b-instruct-q4_K_M,
HE,HumanEval/3,baseline,42,True,1.0,196,54,3.6736,0,2026-05-22T15:00:21.016914+00:00,qwen2.5-coder:7b-instruct-q4_K_M,
HE,HumanEval/3,baseline,123,True,1.0,196,54,2.8891,0,2026-05-22T15:00:24.805478+00:00,qwen2.5-coder:7b-instruct-q4_K_M,
HE,HumanEval/3,baseline,456,True,1.0,196,54,2.8939,0,2026-05-22T15:00:27.806684+00:00,qwen2.5-coder:7b-instruct-q4_K_M,
HE,HumanEval/4,baseline,42,True,1.0,196,50,3.3455,0,2026-05-22T15:00:30.813388+00:00,qwen2.5-coder:7b-instruct-q4_K_M,
HE,HumanEval/4,baseline,123,True,1.0,196,50,2.6985,0,2026-05-22T15:00:34.270486+00:00,qwen2.5-coder:7b-instruct-q4_K_M,
HE,HumanEval/4,baseline,456,True,1.0,196,50,2.7013,0,2026-05-22T15:00:37.078848+00:00,qwen2.5-coder:7b-instruct-q4_K_M,
HE,HumanEval/5,baseline,42,True,1.0,169,62,3.9489,0,2026-05-22T15:00:39.890700+00:00,qwen2.5-coder:7b-instruct-q4_K_M,
HE,HumanEval/5,baseline,123,True,1.0,169,66,3.5436,0,2026-05-22T15:00:43.938055+00:00,qwen2.5-coder:7b-instruct-q4_K_M,
HE,HumanEval/5,baseline,456,True,1.0,169,65,3.4733,0,2026-05-22T15:00:47.579734+00:00,qwen2.5-coder:7b-instruct-q4_K_M,
HE,HumanEval/6,baseline,42,True,1.0,192,99,5.9,0,2026-05-22T15:00:51.150836+00:00,qwen2.5-coder:7b-instruct-q4_K_M,
HE,HumanEval/6,baseline,123,True,1.0,192,99,5.2804,0,2026-05-22T15:00:57.146316+00:00,qwen2.5-coder:7b-instruct-q4_K_M,
HE,HumanEval/6,baseline,456,True,1.0,192,99,5.2768,0,2026-05-22T15:01:02.525467+00:00,qwen2.5-coder:7b-instruct-q4_K_M,
HE,HumanEval/7,baseline,42,True,1.0,172,41,2.9067,0,2026-05-22T15:01:07.898391+00:00,qwen2.5-coder:7b-instruct-q4_K_M,
HE,HumanEval/7,baseline,123,True,1.0,172,41,2.254,0,2026-05-22T15:01:10.905916+00:00,qwen2.5-coder:7b-instruct-q4_K_M,
HE,HumanEval/7,baseline,456,True,1.0,172,41,2.2547,0,2026-05-22T15:01:13.250217+00:00,qwen2.5-coder:7b-instruct-q4_K_M,
HE,HumanEval/8,baseline,42,True,1.0,189,74,4.6523,0,2026-05-22T15:01:15.603196+00:00,qwen2.5-coder:7b-instruct-q4_K_M,
HE,HumanEval/8,baseline,123,True,1.0,189,74,3.9751,0,2026-05-22T15:01:20.371204+00:00,qwen2.5-coder:7b-instruct-q4_K_M,
HE,HumanEval/8,baseline,456,False,0.0,189,46,2.4989,0,2026-05-22T15:01:24.462047+00:00,qwen2.5-coder:7b-instruct-q4_K_M,
HE,HumanEval/9,baseline,42,True,1.0,177,82,5.0248,0,2026-05-22T15:01:27.073809+00:00,qwen2.5-coder:7b-instruct-q4_K_M,
HE,HumanEval/9,baseline,123,True,1.0,177,64,3.4653,0,2026-05-22T15:01:32.225347+00:00,qwen2.5-coder:7b-instruct-q4_K_M,
HE,HumanEval/9,baseline,456,True,1.0,177,64,3.4871,0,2026-05-22T15:01:35.817243+00:00,qwen2.5-coder:7b-instruct-q4_K_M,
HE,HumanEval/10,baseline,42,False,0.0,220,193,11.6605,0,2026-05-22T15:01:39.430145+00:00,qwen2.5-coder:7b-instruct-q4_K_M,
HE,HumanEval/10,baseline,123,False,0.0,220,186,11.2659,0,2026-05-22T15:01:51.190812+00:00,qwen2.5-coder:7b-instruct-q4_K_M,
HE,HumanEval/10,baseline,456,False,0.0,220,186,11.0729,0,2026-05-22T15:02:02.556433+00:00,qwen2.5-coder:7b-instruct-q4_K_M,
HE,HumanEval/11,baseline,42,True,1.0,159,44,3.1511,0,2026-05-22T15:02:13.729320+00:00,qwen2.5-coder:7b-instruct-q4_K_M,
HE,HumanEval/11,baseline,123,True,1.0,159,44,2.6475,0,2026-05-22T15:02:16.979707+00:00,qwen2.5-coder:7b-instruct-q4_K_M,
HE,HumanEval/11,baseline,456,True,1.0,159,49,2.9504,0,2026-05-22T15:02:19.726680+00:00,qwen2.5-coder:7b-instruct-q4_K_M,
HE,HumanEval/12,baseline,42,True,1.0,179,40,3.1234,0,2026-05-22T15:02:22.773802+00:00,qwen2.5-coder:7b-instruct-q4_K_M,
HE,HumanEval/12,baseline,123,True,1.0,179,40,2.4383,0,2026-05-22T15:02:26.006770+00:00,qwen2.5-coder:7b-instruct-q4_K_M,
HE,HumanEval/12,baseline,456,True,1.0,179,40,2.4427,0,2026-05-22T15:02:28.552036+00:00,qwen2.5-coder:7b-instruct-q4_K_M,
HE,HumanEval/13,baseline,42,True,1.0,152,43,3.1848,0,2026-05-22T15:02:31.103925+00:00,qwen2.5-coder:7b-instruct-q4_K_M,
HE,HumanEval/13,baseline,123,True,1.0,152,43,2.6845,0,2026-05-22T15:02:34.380242+00:00,qwen2.5-coder:7b-instruct-q4_K_M,
HE,HumanEval/13,baseline,456,True,1.0,152,43,2.673,0,2026-05-22T15:02:37.168082+00:00,qwen2.5-coder:7b-instruct-q4_K_M,
HE,HumanEval/14,baseline,42,True,1.0,137,46,3.3753,0,2026-05-22T15:02:39.942232+00:00,qwen2.5-coder:7b-instruct-q4_K_M,
HE,HumanEval/14,baseline,123,True,1.0,137,46,2.8641,0,2026-05-22T15:02:43.425653+00:00,qwen2.5-coder:7b-instruct-q4_K_M,
HE,HumanEval/14,baseline,456,True,1.0,137,46,2.9189,0,2026-05-22T15:02:46.395675+00:00,qwen2.5-coder:7b-instruct-q4_K_M,
HE,HumanEval/15,baseline,42,True,1.0,145,32,2.6221,0,2026-05-22T15:02:49.418258+00:00,qwen2.5-coder:7b-instruct-q4_K_M,
HE,HumanEval/15,baseline,123,True,1.0,145,32,1.9625,0,2026-05-22T15:02:55.844237+00:00,qwen2.5-coder:7b-instruct-q4_K_M,
HE,HumanEval/15,baseline,456,True,1.0,145,32,1.948,0,2026-05-22T15:03:01.431111+00:00,qwen2.5-coder:7b-instruct-q4_K_M,
HE,HumanEval/16,baseline,42,True,1.0,149,24,1.9942,0,2026-05-22T15:03:07.087871+00:00,qwen2.5-coder:7b-instruct-q4_K_M,
HE,HumanEval/16,baseline,123,True,1.0,149,24,1.4794,0,2026-05-22T15:03:09.181924+00:00,qwen2.5-coder:7b-instruct-q4_K_M,
HE,HumanEval/16,baseline,456,True,1.0,149,24,1.4809,0,2026-05-22T15:03:10.764907+00:00,qwen2.5-coder:7b-instruct-q4_K_M,
HE,HumanEval/17,baseline,42,True,1.0,249,61,4.9984,0,2026-05-22T15:03:12.347064+00:00,qwen2.5-coder:7b-instruct-q4_K_M,
HE,HumanEval/17,baseline,123,True,1.0,249,61,4.2105,0,2026-05-22T15:03:17.449024+00:00,qwen2.5-coder:7b-instruct-q4_K_M,
HE,HumanEval/17,baseline,456,True,1.0,249,61,4.3716,0,2026-05-22T15:03:21.761835+00:00,qwen2.5-coder:7b-instruct-q4_K_M,
HE,HumanEval/18,baseline,42,True,1.0,166,72,6.166,0,2026-05-22T15:03:26.238243+00:00,qwen2.5-coder:7b-instruct-q4_K_M,
HE,HumanEval/18,baseline,123,True,1.0,166,72,6.0594,0,2026-05-22T15:03:32.505331+00:00,qwen2.5-coder:7b-instruct-q4_K_M,
HE,HumanEval/18,baseline,456,True,1.0,166,72,6.5211,0,2026-05-22T15:03:38.671657+00:00,qwen2.5-coder:7b-instruct-q4_K_M,
HE,HumanEval/19,baseline,42,True,1.0,182,113,10.3941,0,2026-05-22T15:03:45.295092+00:00,qwen2.5-coder:7b-instruct-q4_K_M,
HE,HumanEval/19,baseline,123,True,1.0,182,108,9.2993,0,2026-05-22T15:03:55.787178+00:00,qwen2.5-coder:7b-instruct-q4_K_M,
HE,HumanEval/19,baseline,456,True,1.0,182,113,7.9777,0,2026-05-22T15:04:05.187025+00:00,qwen2.5-coder:7b-instruct-q4_K_M,
HE,HumanEval/20,baseline,42,True,1.0,245,120,10.2652,0,2026-05-22T15:05:07.337764+00:00,qwen2.5-coder:7b-instruct-q4_K_M,
HE,HumanEval/20,baseline,123,True,1.0,245,120,8.687,0,2026-05-22T15:06:10.191180+00:00,qwen2.5-coder:7b-instruct-q4_K_M,
HE,HumanEval/20,baseline,456,True,1.0,245,120,6.9263,0,2026-05-22T15:06:56.792834+00:00,qwen2.5-coder:7b-instruct-q4_K_M,
HE,HumanEval/21,baseline,42,True,1.0,204,64,4.4941,0,2026-05-22T15:07:43.773804+00:00,qwen2.5-coder:7b-instruct-q4_K_M,
HE,HumanEval/21,baseline,123,True,1.0,204,64,3.5854,0,2026-05-22T15:07:48.404837+00:00,qwen2.5-coder:7b-instruct-q4_K_M,
HE,HumanEval/21,baseline,456,True,1.0,204,64,3.813,0,2026-05-22T15:07:52.123050+00:00,qwen2.5-coder:7b-instruct-q4_K_M,
HE,HumanEval/22,baseline,42,False,0.0,170,39,2.919,0,2026-05-22T15:08:47.368528+00:00,qwen2.5-coder:7b-instruct-q4_K_M,
HE,HumanEval/22,baseline,123,False,0.0,170,39,2.2022,0,2026-05-22T15:08:50.409694+00:00,qwen2.5-coder:7b-instruct-q4_K_M,
HE,HumanEval/22,baseline,456,False,0.0,170,39,2.5458,0,2026-05-22T15:08:52.735300+00:00,qwen2.5-coder:7b-instruct-q4_K_M,
HE,HumanEval/23,baseline,42,True,1.0,119,19,1.4413,0,2026-05-22T15:09:32.944804+00:00,qwen2.5-coder:7b-instruct-q4_K_M,
HE,HumanEval/23,baseline,123,True,1.0,119,19,1.1625,0,2026-05-22T15:09:34.488098+00:00,qwen2.5-coder:7b-instruct-q4_K_M,
HE,HumanEval/23,baseline,456,True,1.0,119,19,1.2741,0,2026-05-22T15:09:35.747345+00:00,qwen2.5-coder:7b-instruct-q4_K_M,
HE,HumanEval/24,baseline,42,True,1.0,132,50,3.2873,0,2026-05-22T15:09:37.122432+00:00,qwen2.5-coder:7b-instruct-q4_K_M,
HE,HumanEval/24,baseline,123,True,1.0,132,49,2.7596,0,2026-05-22T15:09:41.018829+00:00,qwen2.5-coder:7b-instruct-q4_K_M,
HE,HumanEval/24,baseline,456,True,1.0,132,45,2.5402,0,2026-05-22T15:09:44.393120+00:00,qwen2.5-coder:7b-instruct-q4_K_M,
HE,HumanEval/25,baseline,42,True,1.0,205,83,5.721,0,2026-05-22T15:09:47.546855+00:00,qwen2.5-coder:7b-instruct-q4_K_M,
HE,HumanEval/25,baseline,123,True,1.0,205,77,4.3357,0,2026-05-22T15:10:46.000551+00:00,qwen2.5-coder:7b-instruct-q4_K_M,
HE,HumanEval/25,baseline,456,True,1.0,205,77,4.5672,0,2026-05-22T15:10:50.470965+00:00,qwen2.5-coder:7b-instruct-q4_K_M,
HE,HumanEval/26,baseline,42,False,0.0,161,58,3.8017,0,2026-05-22T15:11:41.621042+00:00,qwen2.5-coder:7b-instruct-q4_K_M,
HE,HumanEval/26,baseline,123,False,0.0,161,58,3.2575,0,2026-05-22T15:11:45.542149+00:00,qwen2.5-coder:7b-instruct-q4_K_M,
HE,HumanEval/26,baseline,456,False,0.0,161,58,3.5981,0,2026-05-22T15:11:48.919518+00:00,qwen2.5-coder:7b-instruct-q4_K_M,
HE,HumanEval/27,baseline,42,True,1.0,125,36,2.3923,0,2026-05-22T15:12:32.874990+00:00,qwen2.5-coder:7b-instruct-q4_K_M,
HE,HumanEval/27,baseline,123,True,1.0,125,36,2.0463,0,2026-05-22T15:12:35.375543+00:00,qwen2.5-coder:7b-instruct-q4_K_M,
HE,HumanEval/27,baseline,456,True,1.0,125,36,2.0609,0,2026-05-22T15:12:37.529901+00:00,qwen2.5-coder:7b-instruct-q4_K_M,
HE,HumanEval/28,baseline,42,True,1.0,134,26,2.1406,0,2026-05-22T15:12:39.698280+00:00,qwen2.5-coder:7b-instruct-q4_K_M,
HE,HumanEval/28,baseline,123,True,1.0,134,26,1.5704,0,2026-05-22T15:13:31.746076+00:00,qwen2.5-coder:7b-instruct-q4_K_M,
HE,HumanEval/28,baseline,456,True,1.0,134,26,1.5157,0,2026-05-22T15:13:33.425593+00:00,qwen2.5-coder:7b-instruct-q4_K_M,
HE,HumanEval/29,baseline,42,True,1.0,165,40,2.7536,0,2026-05-22T15:13:35.051817+00:00,qwen2.5-coder:7b-instruct-q4_K_M,
HE,HumanEval/29,baseline,123,True,1.0,165,40,2.5798,0,2026-05-22T15:13:37.911288+00:00,qwen2.5-coder:7b-instruct-q4_K_M,
HE,HumanEval/29,baseline,456,True,1.0,165,40,2.3152,0,2026-05-22T15:14:19.142517+00:00,qwen2.5-coder:7b-instruct-q4_K_M,
HE,HumanEval/30,baseline,42,True,1.0,195,26,2.4069,0,2026-05-22T15:14:21.567699+00:00,qwen2.5-coder:7b-instruct-q4_K_M,
HE,HumanEval/30,baseline,123,True,1.0,195,26,1.5105,0,2026-05-22T15:14:24.092863+00:00,qwen2.5-coder:7b-instruct-q4_K_M,
HE,HumanEval/30,baseline,456,True,1.0,195,26,1.5222,0,2026-05-22T15:14:25.717740+00:00,qwen2.5-coder:7b-instruct-q4_K_M,
HE,HumanEval/31,baseline,42,True,1.0,183,85,5.4386,0,2026-05-22T15:14:27.356299+00:00,qwen2.5-coder:7b-instruct-q4_K_M,
HE,HumanEval/31,baseline,123,True,1.0,183,57,3.0095,0,2026-05-22T15:15:20.682202+00:00,qwen2.5-coder:7b-instruct-q4_K_M,
HE,HumanEval/31,baseline,456,True,1.0,183,103,5.3294,0,2026-05-22T15:15:23.789184+00:00,qwen2.5-coder:7b-instruct-q4_K_M,
HE,HumanEval/32,baseline,42,False,0.0,338,182,11.0762,0,2026-05-22T15:15:29.212431+00:00,qwen2.5-coder:7b-instruct-q4_K_M,
HE,HumanEval/32,baseline,123,False,0.0,338,390,21.045,0,2026-05-22T15:16:20.463339+00:00,qwen2.5-coder:7b-instruct-q4_K_M,
HE,HumanEval/32,baseline,456,False,0.0,338,168,8.7947,0,2026-05-22T15:18:53.723426+00:00,qwen2.5-coder:7b-instruct-q4_K_M,
HE,HumanEval/33,baseline,42,True,1.0,227,92,5.9106,0,2026-05-22T15:19:02.584296+00:00,qwen2.5-coder:7b-instruct-q4_K_M,
HE,HumanEval/33,baseline,123,True,1.0,227,92,5.0183,0,2026-05-22T15:19:50.305329+00:00,qwen2.5-coder:7b-instruct-q4_K_M,
HE,HumanEval/33,baseline,456,True,1.0,227,96,5.0659,0,2026-05-22T15:20:45.441222+00:00,qwen2.5-coder:7b-instruct-q4_K_M,
HE,HumanEval/34,baseline,42,True,1.0,153,17,1.4453,0,2026-05-22T15:20:50.633597+00:00,qwen2.5-coder:7b-instruct-q4_K_M,
HE,HumanEval/34,baseline,123,True,1.0,153,17,0.9748,0,2026-05-22T15:20:52.196926+00:00,qwen2.5-coder:7b-instruct-q4_K_M,
HE,HumanEval/34,baseline,456,True,1.0,153,17,0.9716,0,2026-05-22T15:20:53.289942+00:00,qwen2.5-coder:7b-instruct-q4_K_M,
HE,HumanEval/35,baseline,42,True,1.0,164,17,1.6115,0,2026-05-22T15:20:54.378165+00:00,qwen2.5-coder:7b-instruct-q4_K_M,
HE,HumanEval/35,baseline,123,True,1.0,164,17,0.967,0,2026-05-22T15:20:56.102914+00:00,qwen2.5-coder:7b-instruct-q4_K_M,
HE,HumanEval/35,baseline,456,True,1.0,164,17,0.9878,0,2026-05-22T15:20:57.177795+00:00,qwen2.5-coder:7b-instruct-q4_K_M,
HE,HumanEval/36,baseline,42,True,1.0,163,66,4.3633,0,2026-05-22T15:20:58.279521+00:00,qwen2.5-coder:7b-instruct-q4_K_M,
HE,HumanEval/36,baseline,123,True,1.0,163,66,3.4471,0,2026-05-22T15:21:52.225382+00:00,qwen2.5-coder:7b-instruct-q4_K_M,
HE,HumanEval/36,baseline,456,True,1.0,163,63,3.665,0,2026-05-22T15:21:56.271931+00:00,qwen2.5-coder:7b-instruct-q4_K_M,
HE,HumanEval/37,baseline,42,True,1.0,200,81,5.0924,0,2026-05-22T15:22:53.641120+00:00,qwen2.5-coder:7b-instruct-q4_K_M,
HE,HumanEval/37,baseline,123,True,1.0,200,81,4.4858,0,2026-05-22T15:22:58.849980+00:00,qwen2.5-coder:7b-instruct-q4_K_M,
HE,HumanEval/37,baseline,456,True,1.0,200,81,4.2963,0,2026-05-22T15:23:50.410051+00:00,qwen2.5-coder:7b-instruct-q4_K_M,
HE,HumanEval/38,baseline,42,True,1.0,236,87,5.7222,0,2026-05-22T15:23:54.822829+00:00,qwen2.5-coder:7b-instruct-q4_K_M,
HE,HumanEval/38,baseline,123,True,1.0,236,87,4.6229,0,2026-05-22T15:24:48.485684+00:00,qwen2.5-coder:7b-instruct-q4_K_M,
HE,HumanEval/38,baseline,456,True,1.0,236,87,4.7955,0,2026-05-22T15:24:53.221705+00:00,qwen2.5-coder:7b-instruct-q4_K_M,
HE,HumanEval/39,baseline,42,False,0.0,177,103,6.0476,0,2026-05-22T15:25:52.174752+00:00,qwen2.5-coder:7b-instruct-q4_K_M,
HE,HumanEval/39,baseline,123,False,0.0,177,97,5.4394,0,2026-05-22T15:25:58.275015+00:00,qwen2.5-coder:7b-instruct-q4_K_M,
HE,HumanEval/39,baseline,456,False,0.0,177,103,5.4297,0,2026-05-22T15:26:49.834180+00:00,qwen2.5-coder:7b-instruct-q4_K_M,
HE,HumanEval/40,baseline,42,True,1.0,239,78,5.066,0,2026-05-22T15:26:55.317659+00:00,qwen2.5-coder:7b-instruct-q4_K_M,
HE,HumanEval/40,baseline,123,True,1.0,239,78,4.8691,0,2026-05-22T15:27:00.495142+00:00,qwen2.5-coder:7b-instruct-q4_K_M,
HE,HumanEval/40,baseline,456,True,1.0,239,78,4.0724,0,2026-05-22T15:27:44.267766+00:00,qwen2.5-coder:7b-instruct-q4_K_M,
HE,HumanEval/41,baseline,42,True,1.0,229,22,3.5129,0,2026-05-22T15:27:48.450379+00:00,qwen2.5-coder:7b-instruct-q4_K_M,
HE,HumanEval/41,baseline,123,True,1.0,229,22,1.2257,0,2026-05-22T15:28:45.073810+00:00,qwen2.5-coder:7b-instruct-q4_K_M,
HE,HumanEval/41,baseline,456,True,1.0,229,22,1.2624,0,2026-05-22T15:28:46.394001+00:00,qwen2.5-coder:7b-instruct-q4_K_M,
HE,HumanEval/42,baseline,42,True,1.0,190,24,1.9876,0,2026-05-22T15:28:47.738476+00:00,qwen2.5-coder:7b-instruct-q4_K_M,
HE,HumanEval/42,baseline,123,True,1.0,190,24,1.3324,0,2026-05-22T15:28:49.843021+00:00,qwen2.5-coder:7b-instruct-q4_K_M,
HE,HumanEval/42,baseline,456,True,1.0,190,24,1.3253,0,2026-05-22T15:28:51.282694+00:00,qwen2.5-coder:7b-instruct-q4_K_M,
HE,HumanEval/43,baseline,42,True,1.0,236,43,3.5214,0,2026-05-22T15:28:52.725145+00:00,qwen2.5-coder:7b-instruct-q4_K_M,
HE,HumanEval/43,baseline,123,True,1.0,236,43,2.37,0,2026-05-22T15:29:50.519200+00:00,qwen2.5-coder:7b-instruct-q4_K_M,
HE,HumanEval/43,baseline,456,True,1.0,236,43,2.3056,0,2026-05-22T15:29:53.001518+00:00,qwen2.5-coder:7b-instruct-q4_K_M,
HE,HumanEval/44,baseline,42,True,1.0,174,66,4.3082,0,2026-05-22T15:29:55.418243+00:00,qwen2.5-coder:7b-instruct-q4_K_M,
HE,HumanEval/44,baseline,123,True,1.0,174,66,3.5334,0,2026-05-22T15:30:41.447396+00:00,qwen2.5-coder:7b-instruct-q4_K_M,
HE,HumanEval/44,baseline,456,True,1.0,174,66,3.4564,0,2026-05-22T15:30:45.078521+00:00,qwen2.5-coder:7b-instruct-q4_K_M,
HE,HumanEval/45,baseline,42,True,1.0,123,23,1.6157,0,2026-05-22T15:30:48.631459+00:00,qwen2.5-coder:7b-instruct-q4_K_M,
HE,HumanEval/45,baseline,123,True,1.0,123,23,1.4175,0,2026-05-22T15:30:50.350869+00:00,qwen2.5-coder:7b-instruct-q4_K_M,
HE,HumanEval/45,baseline,456,True,1.0,123,23,1.2879,0,2026-05-22T15:31:35.030825+00:00,qwen2.5-coder:7b-instruct-q4_K_M,
HE,HumanEval/46,baseline,42,False,0.0,249,100,6.3103,0,2026-05-22T15:31:36.419385+00:00,qwen2.5-coder:7b-instruct-q4_K_M,
HE,HumanEval/46,baseline,123,False,0.0,249,100,5.9857,0,2026-05-22T15:31:42.826773+00:00,qwen2.5-coder:7b-instruct-q4_K_M,
HE,HumanEval/46,baseline,456,False,0.0,249,100,5.1971,0,2026-05-22T15:32:32.482080+00:00,qwen2.5-coder:7b-instruct-q4_K_M,
HE,HumanEval/47,baseline,42,True,1.0,157,64,4.1948,0,2026-05-22T15:32:37.776495+00:00,qwen2.5-coder:7b-instruct-q4_K_M,
HE,HumanEval/47,baseline,123,True,1.0,157,67,3.575,0,2026-05-22T15:33:24.231637+00:00,qwen2.5-coder:7b-instruct-q4_K_M,
HE,HumanEval/47,baseline,456,True,1.0,157,67,3.5087,0,2026-05-22T15:33:27.922921+00:00,qwen2.5-coder:7b-instruct-q4_K_M,
HE,HumanEval/48,baseline,42,True,1.0,149,24,2.1146,0,2026-05-22T15:33:31.558912+00:00,qwen2.5-coder:7b-instruct-q4_K_M,
HE,HumanEval/48,baseline,123,True,1.0,149,24,1.3174,0,2026-05-22T15:34:23.584923+00:00,qwen2.5-coder:7b-instruct-q4_K_M,
HE,HumanEval/48,baseline,456,True,1.0,149,24,1.3681,0,2026-05-22T15:34:24.998240+00:00,qwen2.5-coder:7b-instruct-q4_K_M,
HE,HumanEval/49,baseline,42,True,1.0,193,29,2.2135,0,2026-05-22T15:34:26.466993+00:00,qwen2.5-coder:7b-instruct-q4_K_M,
HE,HumanEval/49,baseline,123,True,1.0,193,29,1.5874,0,2026-05-22T15:34:28.780703+00:00,qwen2.5-coder:7b-instruct-q4_K_M,
HE,HumanEval/49,baseline,456,True,1.0,193,29,1.6047,0,2026-05-22T15:34:30.468481+00:00,qwen2.5-coder:7b-instruct-q4_K_M,
HE,HumanEval/50,baseline,42,True,1.0,168,45,3.1236,0,2026-05-22T15:34:32.171631+00:00,qwen2.5-coder:7b-instruct-q4_K_M,
HE,HumanEval/50,baseline,123,True,1.0,168,45,2.463,0,2026-05-22T15:35:24.124102+00:00,qwen2.5-coder:7b-instruct-q4_K_M,
HE,HumanEval/50,baseline,456,True,1.0,168,45,2.3992,0,2026-05-22T15:35:26.692613+00:00,qwen2.5-coder:7b-instruct-q4_K_M,
HE,HumanEval/51,baseline,42,True,1.0,201,38,3.0379,0,2026-05-22T15:35:29.194767+00:00,qwen2.5-coder:7b-instruct-q4_K_M,
HE,HumanEval/51,baseline,123,True,1.0,201,38,2.0348,0,2026-05-22T15:36:13.037241+00:00,qwen2.5-coder:7b-instruct-q4_K_M,
HE,HumanEval/51,baseline,456,True,1.0,201,38,2.1051,0,2026-05-22T15:36:15.173470+00:00,qwen2.5-coder:7b-instruct-q4_K_M,
HE,HumanEval/52,baseline,42,True,1.0,161,30,2.1084,0,2026-05-22T15:36:17.378312+00:00,qwen2.5-coder:7b-instruct-q4_K_M,
HE,HumanEval/52,baseline,123,True,1.0,161,30,1.6295,0,2026-05-22T15:36:19.584618+00:00,qwen2.5-coder:7b-instruct-q4_K_M,
HE,HumanEval/52,baseline,456,True,1.0,161,30,1.8945,0,2026-05-22T15:36:21.313195+00:00,qwen2.5-coder:7b-instruct-q4_K_M,
HE,HumanEval/53,baseline,42,True,1.0,130,24,1.6408,0,2026-05-22T15:37:10.770109+00:00,qwen2.5-coder:7b-instruct-q4_K_M,
HE,HumanEval/53,baseline,123,True,1.0,130,24,1.3828,0,2026-05-22T15:37:12.508789+00:00,qwen2.5-coder:7b-instruct-q4_K_M,
HE,HumanEval/53,baseline,456,True,1.0,130,24,1.3245,0,2026-05-22T15:37:13.987689+00:00,qwen2.5-coder:7b-instruct-q4_K_M,
HE,HumanEval/54,baseline,42,True,1.0,217,32,2.5386,0,2026-05-22T15:37:15.412242+00:00,qwen2.5-coder:7b-instruct-q4_K_M,
HE,HumanEval/54,baseline,123,True,1.0,217,32,1.7542,0,2026-05-22T15:37:18.042464+00:00,qwen2.5-coder:7b-instruct-q4_K_M,
HE,HumanEval/54,baseline,456,True,1.0,217,32,2.0238,0,2026-05-22T15:37:19.896756+00:00,qwen2.5-coder:7b-instruct-q4_K_M,
HE,HumanEval/55,baseline,42,True,1.0,131,64,3.8781,0,2026-05-22T15:38:06.050266+00:00,qwen2.5-coder:7b-instruct-q4_K_M,
HE,HumanEval/55,baseline,123,True,1.0,131,64,3.3499,0,2026-05-22T15:38:10.023278+00:00,qwen2.5-coder:7b-instruct-q4_K_M,
HE,HumanEval/55,baseline,456,True,1.0,131,64,3.3398,0,2026-05-22T15:38:13.468757+00:00,qwen2.5-coder:7b-instruct-q4_K_M,
HE,HumanEval/56,baseline,42,True,1.0,171,72,4.7183,0,2026-05-22T15:38:16.904871+00:00,qwen2.5-coder:7b-instruct-q4_K_M,
HE,HumanEval/56,baseline,123,True,1.0,171,72,3.8321,0,2026-05-22T15:39:12.883460+00:00,qwen2.5-coder:7b-instruct-q4_K_M,
HE,HumanEval/56,baseline,456,True,1.0,171,72,5.0385,0,2026-05-22T15:39:16.816450+00:00,qwen2.5-coder:7b-instruct-q4_K_M,
HE,HumanEval/57,baseline,42,True,1.0,169,52,3.4461,0,2026-05-22T15:40:00.835762+00:00,qwen2.5-coder:7b-instruct-q4_K_M,
HE,HumanEval/57,baseline,123,True,1.0,169,52,2.743,0,2026-05-22T15:40:04.383548+00:00,qwen2.5-coder:7b-instruct-q4_K_M,
HE,HumanEval/57,baseline,456,True,1.0,169,52,2.7618,0,2026-05-22T15:40:07.234377+00:00,qwen2.5-coder:7b-instruct-q4_K_M,
HE,HumanEval/58,baseline,42,True,1.0,199,29,2.3936,0,2026-05-22T15:40:56.284103+00:00,qwen2.5-coder:7b-instruct-q4_K_M,
HE,HumanEval/58,baseline,123,True,1.0,199,29,1.6727,0,2026-05-22T15:40:58.797972+00:00,qwen2.5-coder:7b-instruct-q4_K_M,
HE,HumanEval/58,baseline,456,True,1.0,199,32,1.7392,0,2026-05-22T15:41:00.582885+00:00,qwen2.5-coder:7b-instruct-q4_K_M,
HE,HumanEval/59,baseline,42,True,1.0,148,56,3.4384,0,2026-05-22T15:41:02.435198+00:00,qwen2.5-coder:7b-instruct-q4_K_M,
HE,HumanEval/59,baseline,123,True,1.0,148,93,5.1479,0,2026-05-22T15:41:05.996965+00:00,qwen2.5-coder:7b-instruct-q4_K_M,
HE,HumanEval/59,baseline,456,True,1.0,148,56,2.9466,0,2026-05-22T15:42:03.572835+00:00,qwen2.5-coder:7b-instruct-q4_K_M,
HE,HumanEval/60,baseline,42,True,1.0,182,30,2.513,0,2026-05-22T15:42:06.642537+00:00,qwen2.5-coder:7b-instruct-q4_K_M,
HE,HumanEval/60,baseline,123,True,1.0,182,30,1.6423,0,2026-05-22T15:43:02.002289+00:00,qwen2.5-coder:7b-instruct-q4_K_M,
HE,HumanEval/60,baseline,456,True,1.0,182,30,1.689,0,2026-05-22T15:43:03.737397+00:00,qwen2.5-coder:7b-instruct-q4_K_M,
HE,HumanEval/61,baseline,42,True,1.0,168,72,4.4026,0,2026-05-22T15:43:05.522232+00:00,qwen2.5-coder:7b-instruct-q4_K_M,
HE,HumanEval/61,baseline,123,True,1.0,168,72,4.1367,0,2026-05-22T15:43:10.029304+00:00,qwen2.5-coder:7b-instruct-q4_K_M,
HE,HumanEval/61,baseline,456,True,1.0,168,72,4.2864,0,2026-05-22T15:44:02.029291+00:00,qwen2.5-coder:7b-instruct-q4_K_M,
HE,HumanEval/62,baseline,42,True,1.0,187,27,2.1278,0,2026-05-22T15:44:06.417066+00:00,qwen2.5-coder:7b-instruct-q4_K_M,
HE,HumanEval/62,baseline,123,True,1.0,187,27,1.4847,0,2026-05-22T15:44:08.660219+00:00,qwen2.5-coder:7b-instruct-q4_K_M,
HE,HumanEval/62,baseline,456,True,1.0,187,27,1.4934,0,2026-05-22T15:44:10.262159+00:00,qwen2.5-coder:7b-instruct-q4_K_M,
HE,HumanEval/63,baseline,42,True,1.0,227,97,6.2052,0,2026-05-22T15:44:11.872905+00:00,qwen2.5-coder:7b-instruct-q4_K_M,
HE,HumanEval/63,baseline,123,True,1.0,227,94,5.1128,0,2026-05-22T15:45:07.709263+00:00,qwen2.5-coder:7b-instruct-q4_K_M,
HE,HumanEval/63,baseline,456,True,1.0,227,94,4.9619,0,2026-05-22T15:46:01.900006+00:00,qwen2.5-coder:7b-instruct-q4_K_M,
HE,HumanEval/64,baseline,42,True,1.0,205,57,3.817,0,2026-05-22T15:46:06.959471+00:00,qwen2.5-coder:7b-instruct-q4_K_M,
HE,HumanEval/64,baseline,123,True,1.0,205,58,3.2469,0,2026-05-22T15:46:10.876180+00:00,qwen2.5-coder:7b-instruct-q4_K_M,
HE,HumanEval/64,baseline,456,True,1.0,205,50,2.7313,0,2026-05-22T15:47:05.225584+00:00,qwen2.5-coder:7b-instruct-q4_K_M,
HE,HumanEval/65,baseline,42,False,0.0,164,55,3.5392,0,2026-05-22T15:47:08.058851+00:00,qwen2.5-coder:7b-instruct-q4_K_M,
HE,HumanEval/65,baseline,123,False,0.0,164,55,3.2106,0,2026-05-22T15:47:11.697206+00:00,qwen2.5-coder:7b-instruct-q4_K_M,
HE,HumanEval/65,baseline,456,False,0.0,164,55,2.9689,0,2026-05-22T15:47:57.060878+00:00,qwen2.5-coder:7b-instruct-q4_K_M,
HE,HumanEval/66,baseline,42,True,1.0,197,25,2.1863,0,2026-05-22T15:48:00.131512+00:00,qwen2.5-coder:7b-instruct-q4_K_M,
HE,HumanEval/66,baseline,123,True,1.0,197,25,1.3952,0,2026-05-22T15:48:02.421811+00:00,qwen2.5-coder:7b-instruct-q4_K_M,
HE,HumanEval/66,baseline,456,True,1.0,197,25,1.5687,0,2026-05-22T15:48:03.910976+00:00,qwen2.5-coder:7b-instruct-q4_K_M,
HE,HumanEval/67,baseline,42,True,1.0,303,29,2.9193,0,2026-05-22T15:48:53.229343+00:00,qwen2.5-coder:7b-instruct-q4_K_M,
HE,HumanEval/67,baseline,123,True,1.0,303,42,2.2556,0,2026-05-22T15:48:56.254234+00:00,qwen2.5-coder:7b-instruct-q4_K_M,
HE,HumanEval/67,baseline,456,True,1.0,303,42,2.2638,0,2026-05-22T15:48:58.605971+00:00,qwen2.5-coder:7b-instruct-q4_K_M,
HE,HumanEval/68,baseline,42,True,1.0,391,102,7.3341,0,2026-05-22T15:49:00.964862+00:00,qwen2.5-coder:7b-instruct-q4_K_M,
HE,HumanEval/68,baseline,123,True,1.0,391,102,5.3402,0,2026-05-22T15:49:59.956022+00:00,qwen2.5-coder:7b-instruct-q4_K_M,
HE,HumanEval/68,baseline,456,True,1.0,391,102,5.6621,0,2026-05-22T15:50:05.408969+00:00,qwen2.5-coder:7b-instruct-q4_K_M,
HE,HumanEval/69,baseline,42,True,1.0,241,49,3.5802,0,2026-05-22T15:50:54.107435+00:00,qwen2.5-coder:7b-instruct-q4_K_M,
HE,HumanEval/69,baseline,123,True,1.0,241,49,2.6142,0,2026-05-22T15:50:57.820443+00:00,qwen2.5-coder:7b-instruct-q4_K_M,
HE,HumanEval/69,baseline,456,True,1.0,241,49,2.7993,0,2026-05-22T15:51:00.565651+00:00,qwen2.5-coder:7b-instruct-q4_K_M,
HE,HumanEval/70,baseline,42,True,1.0,203,57,3.8588,0,2026-05-22T15:51:44.296527+00:00,qwen2.5-coder:7b-instruct-q4_K_M,
HE,HumanEval/70,baseline,123,True,1.0,203,57,3.022,0,2026-05-22T15:51:48.265053+00:00,qwen2.5-coder:7b-instruct-q4_K_M,
HE,HumanEval/70,baseline,456,True,1.0,203,57,3.2489,0,2026-05-22T15:51:51.401528+00:00,qwen2.5-coder:7b-instruct-q4_K_M,
HE,HumanEval/71,baseline,42,True,1.0,200,93,5.6698,0,2026-05-22T15:52:39.023508+00:00,qwen2.5-coder:7b-instruct-q4_K_M,
HE,HumanEval/71,baseline,123,True,1.0,200,93,5.2356,0,2026-05-22T15:52:44.795080+00:00,qwen2.5-coder:7b-instruct-q4_K_M,
HE,HumanEval/71,baseline,456,True,1.0,200,93,4.8748,0,2026-05-22T15:53:40.629831+00:00,qwen2.5-coder:7b-instruct-q4_K_M,
HE,HumanEval/72,baseline,42,True,1.0,309,29,3.1341,0,2026-05-22T15:53:45.607590+00:00,qwen2.5-coder:7b-instruct-q4_K_M,
HE,HumanEval/72,baseline,123,True,1.0,309,29,1.5878,0,2026-05-22T15:54:40.828720+00:00,qwen2.5-coder:7b-instruct-q4_K_M,
HE,HumanEval/72,baseline,456,True,1.0,309,29,1.6492,0,2026-05-22T15:54:42.529065+00:00,qwen2.5-coder:7b-instruct-q4_K_M,
HE,HumanEval/73,baseline,42,True,1.0,235,69,4.6075,0,2026-05-22T15:54:44.280441+00:00,qwen2.5-coder:7b-instruct-q4_K_M,
HE,HumanEval/73,baseline,123,True,1.0,235,69,4.2296,0,2026-05-22T15:54:49.002200+00:00,qwen2.5-coder:7b-instruct-q4_K_M,
HE,HumanEval/73,baseline,456,True,1.0,235,69,3.6648,0,2026-05-22T15:55:31.104863+00:00,qwen2.5-coder:7b-instruct-q4_K_M,
HE,HumanEval/74,baseline,42,True,1.0,270,60,4.3156,0,2026-05-22T15:55:34.886317+00:00,qwen2.5-coder:7b-instruct-q4_K_M,
HE,HumanEval/74,baseline,123,True,1.0,270,60,3.3912,0,2026-05-22T15:55:39.318912+00:00,qwen2.5-coder:7b-instruct-q4_K_M,
HE,HumanEval/74,baseline,456,True,1.0,270,44,2.4164,0,2026-05-22T15:56:29.693701+00:00,qwen2.5-coder:7b-instruct-q4_K_M,
HE,HumanEval/75,baseline,42,True,1.0,161,141,8.0643,0,2026-05-22T15:56:32.235353+00:00,qwen2.5-coder:7b-instruct-q4_K_M,
HE,HumanEval/75,baseline,123,True,1.0,161,142,7.3994,0,2026-05-22T15:57:20.667107+00:00,qwen2.5-coder:7b-instruct-q4_K_M,
HE,HumanEval/75,baseline,456,True,1.0,161,123,7.2663,0,2026-05-22T15:57:28.173748+00:00,qwen2.5-coder:7b-instruct-q4_K_M,
HE,HumanEval/76,baseline,42,False,0.0,220,27,2.2942,0,2026-05-22T15:58:16.163094+00:00,qwen2.5-coder:7b-instruct-q4_K_M,
HE,HumanEval/76,baseline,123,False,0.0,220,50,2.9574,0,2026-05-22T15:58:18.556414+00:00,qwen2.5-coder:7b-instruct-q4_K_M,
HE,HumanEval/76,baseline,456,False,0.0,220,50,2.7196,0,2026-05-22T15:59:04.800240+00:00,qwen2.5-coder:7b-instruct-q4_K_M,
HE,HumanEval/77,baseline,42,False,0.0,190,26,2.0805,0,2026-05-22T15:59:07.602132+00:00,qwen2.5-coder:7b-instruct-q4_K_M,
HE,HumanEval/77,baseline,123,False,0.0,190,26,1.4277,0,2026-05-22T15:59:09.779016+00:00,qwen2.5-coder:7b-instruct-q4_K_M,
HE,HumanEval/77,baseline,456,False,0.0,190,26,1.4468,0,2026-05-22T15:59:11.300169+00:00,qwen2.5-coder:7b-instruct-q4_K_M,
HE,HumanEval/78,baseline,42,True,1.0,392,49,4.6025,0,2026-05-22T15:59:12.841642+00:00,qwen2.5-coder:7b-instruct-q4_K_M,
HE,HumanEval/78,baseline,123,True,1.0,392,49,2.6333,0,2026-05-22T16:00:12.164808+00:00,qwen2.5-coder:7b-instruct-q4_K_M,
HE,HumanEval/78,baseline,456,True,1.0,392,49,2.643,0,2026-05-22T16:00:14.901580+00:00,qwen2.5-coder:7b-instruct-q4_K_M,
HE,HumanEval/79,baseline,42,True,1.0,225,29,2.4761,0,2026-05-22T16:00:17.645644+00:00,qwen2.5-coder:7b-instruct-q4_K_M,
HE,HumanEval/79,baseline,123,True,1.0,225,29,1.628,0,2026-05-22T16:01:00.437667+00:00,qwen2.5-coder:7b-instruct-q4_K_M,
HE,HumanEval/79,baseline,456,True,1.0,225,29,1.6007,0,2026-05-22T16:01:02.147500+00:00,qwen2.5-coder:7b-instruct-q4_K_M,
HE,HumanEval/80,baseline,42,True,1.0,199,81,5.0252,0,2026-05-22T16:01:03.845895+00:00,qwen2.5-coder:7b-instruct-q4_K_M,
HE,HumanEval/80,baseline,123,True,1.0,199,81,4.5753,0,2026-05-22T16:01:08.972457+00:00,qwen2.5-coder:7b-instruct-q4_K_M,
HE,HumanEval/80,baseline,456,True,1.0,199,81,4.3348,0,2026-05-22T16:01:59.564662+00:00,qwen2.5-coder:7b-instruct-q4_K_M,
HE,HumanEval/81,baseline,42,True,1.0,349,266,16.1022,0,2026-05-22T16:02:04.000907+00:00,qwen2.5-coder:7b-instruct-q4_K_M,
HE,HumanEval/81,baseline,123,True,1.0,349,266,14.1226,0,2026-05-22T16:03:51.900646+00:00,qwen2.5-coder:7b-instruct-q4_K_M,
HE,HumanEval/81,baseline,456,True,1.0,349,266,14.0709,0,2026-05-22T16:04:47.961014+00:00,qwen2.5-coder:7b-instruct-q4_K_M,
HE,HumanEval/82,baseline,42,True,1.0,158,69,4.3251,0,2026-05-22T16:05:57.038403+00:00,qwen2.5-coder:7b-instruct-q4_K_M,
HE,HumanEval/82,baseline,123,True,1.0,158,69,3.6149,0,2026-05-22T16:06:48.472388+00:00,qwen2.5-coder:7b-instruct-q4_K_M,
HE,HumanEval/82,baseline,456,True,1.0,158,69,3.6047,0,2026-05-22T16:06:52.201785+00:00,qwen2.5-coder:7b-instruct-q4_K_M,
HE,HumanEval/83,baseline,42,False,0.0,122,50,3.2492,0,2026-05-22T16:06:55.907282+00:00,qwen2.5-coder:7b-instruct-q4_K_M,
HE,HumanEval/83,baseline,123,False,0.0,122,47,2.5074,0,2026-05-22T16:07:46.303554+00:00,qwen2.5-coder:7b-instruct-q4_K_M,
HE,HumanEval/83,baseline,456,False,0.0,122,47,2.5407,0,2026-05-22T16:07:48.909659+00:00,qwen2.5-coder:7b-instruct-q4_K_M,
HE,HumanEval/84,baseline,42,True,1.0,223,26,2.2375,0,2026-05-22T16:07:51.545887+00:00,qwen2.5-coder:7b-instruct-q4_K_M,
HE,HumanEval/84,baseline,123,True,1.0,223,26,1.4481,0,2026-05-22T16:07:53.878268+00:00,qwen2.5-coder:7b-instruct-q4_K_M,
HE,HumanEval/84,baseline,456,True,1.0,223,26,1.7789,0,2026-05-22T16:07:55.420936+00:00,qwen2.5-coder:7b-instruct-q4_K_M,
HE,HumanEval/85,baseline,42,True,1.0,131,38,2.5449,0,2026-05-22T16:08:47.160033+00:00,qwen2.5-coder:7b-instruct-q4_K_M,
HE,HumanEval/85,baseline,123,True,1.0,131,38,2.0413,0,2026-05-22T16:08:49.811750+00:00,qwen2.5-coder:7b-instruct-q4_K_M,
HE,HumanEval/85,baseline,456,True,1.0,131,38,2.0395,0,2026-05-22T16:08:51.966388+00:00,qwen2.5-coder:7b-instruct-q4_K_M,
HE,HumanEval/86,baseline,42,True,1.0,207,29,2.6605,0,2026-05-22T16:08:54.114415+00:00,qwen2.5-coder:7b-instruct-q4_K_M,
HE,HumanEval/86,baseline,123,True,1.0,207,29,1.9231,0,2026-05-22T16:09:05.863844+00:00,qwen2.5-coder:7b-instruct-q4_K_M,
HE,HumanEval/86,baseline,456,False,0.0,207,27,1.5917,0,2026-05-22T16:09:07.891752+00:00,qwen2.5-coder:7b-instruct-q4_K_M,
HE,HumanEval/87,baseline,42,False,0.0,336,62,4.984,0,2026-05-22T16:09:09.617986+00:00,qwen2.5-coder:7b-instruct-q4_K_M,
HE,HumanEval/87,baseline,123,True,1.0,336,67,3.8986,0,2026-05-22T16:09:14.708197+00:00,qwen2.5-coder:7b-instruct-q4_K_M,
HE,HumanEval/87,baseline,456,False,0.0,336,62,3.6374,0,2026-05-22T16:09:18.705540+00:00,qwen2.5-coder:7b-instruct-q4_K_M,
HE,HumanEval/88,baseline,42,True,1.0,280,56,4.5132,0,2026-05-22T16:09:22.423751+00:00,qwen2.5-coder:7b-instruct-q4_K_M,
HE,HumanEval/88,baseline,123,True,1.0,280,67,3.9321,0,2026-05-22T16:09:27.056376+00:00,qwen2.5-coder:7b-instruct-q4_K_M,
HE,HumanEval/88,baseline,456,True,1.0,280,67,3.9368,0,2026-05-22T16:09:31.105078+00:00,qwen2.5-coder:7b-instruct-q4_K_M,
HE,HumanEval/89,baseline,42,True,1.0,186,112,7.1811,0,2026-05-22T16:09:35.162226+00:00,qwen2.5-coder:7b-instruct-q4_K_M,
HE,HumanEval/89,baseline,123,True,1.0,186,93,5.5197,0,2026-05-22T16:09:42.441711+00:00,qwen2.5-coder:7b-instruct-q4_K_M,
HE,HumanEval/89,baseline,456,True,1.0,186,112,6.6817,0,2026-05-22T16:09:48.071939+00:00,qwen2.5-coder:7b-instruct-q4_K_M,
HE,HumanEval/90,baseline,42,True,1.0,202,50,3.8342,0,2026-05-22T16:09:54.862799+00:00,qwen2.5-coder:7b-instruct-q4_K_M,
HE,HumanEval/90,baseline,123,True,1.0,202,50,2.9729,0,2026-05-22T16:09:58.808838+00:00,qwen2.5-coder:7b-instruct-q4_K_M,
HE,HumanEval/90,baseline,456,True,1.0,202,50,3.008,0,2026-05-22T16:10:01.888745+00:00,qwen2.5-coder:7b-instruct-q4_K_M,
HE,HumanEval/91,baseline,42,False,0.0,185,66,4.6096,0,2026-05-22T16:10:05.010056+00:00,qwen2.5-coder:7b-instruct-q4_K_M,
HE,HumanEval/91,baseline,123,False,0.0,185,44,2.6521,0,2026-05-22T16:10:09.724375+00:00,qwen2.5-coder:7b-instruct-q4_K_M,
HE,HumanEval/91,baseline,456,False,0.0,185,43,2.604,0,2026-05-22T16:10:12.482374+00:00,qwen2.5-coder:7b-instruct-q4_K_M,
HE,HumanEval/92,baseline,42,True,1.0,212,52,4.0116,0,2026-05-22T16:10:15.184950+00:00,qwen2.5-coder:7b-instruct-q4_K_M,
HE,HumanEval/92,baseline,123,True,1.0,212,52,3.1216,0,2026-05-22T16:10:19.300245+00:00,qwen2.5-coder:7b-instruct-q4_K_M,
HE,HumanEval/92,baseline,456,True,1.0,212,52,3.1477,0,2026-05-22T16:10:22.526908+00:00,qwen2.5-coder:7b-instruct-q4_K_M,
HE,HumanEval/93,baseline,42,True,1.0,185,127,8.1117,0,2026-05-22T16:10:25.777712+00:00,qwen2.5-coder:7b-instruct-q4_K_M,
HE,HumanEval/93,baseline,123,False,0.0,185,147,8.5933,0,2026-05-22T16:10:34.004403+00:00,qwen2.5-coder:7b-instruct-q4_K_M,
HE,HumanEval/93,baseline,456,True,1.0,185,132,7.9055,0,2026-05-22T16:10:42.695684+00:00,qwen2.5-coder:7b-instruct-q4_K_M,
HE,HumanEval/94,baseline,42,True,1.0,407,111,8.912,0,2026-05-22T16:10:50.716356+00:00,qwen2.5-coder:7b-instruct-q4_K_M,
HE,HumanEval/94,baseline,123,True,1.0,407,111,6.5932,0,2026-05-22T16:11:01.633506+00:00,qwen2.5-coder:7b-instruct-q4_K_M,
HE,HumanEval/94,baseline,456,True,1.0,407,111,6.613,0,2026-05-22T16:11:10.203110+00:00,qwen2.5-coder:7b-instruct-q4_K_M,
HE,HumanEval/95,baseline,42,False,0.0,251,97,6.8481,0,2026-05-22T16:11:18.853767+00:00,qwen2.5-coder:7b-instruct-q4_K_M,
HE,HumanEval/95,baseline,123,True,1.0,251,67,3.9849,0,2026-05-22T16:11:25.801254+00:00,qwen2.5-coder:7b-instruct-q4_K_M,
HE,HumanEval/95,baseline,456,False,0.0,251,97,5.7268,0,2026-05-22T16:11:29.885974+00:00,qwen2.5-coder:7b-instruct-q4_K_M,
HE,HumanEval/96,baseline,42,True,1.0,233,92,6.654,0,2026-05-22T16:11:35.711879+00:00,qwen2.5-coder:7b-instruct-q4_K_M,
HE,HumanEval/96,baseline,123,True,1.0,233,93,5.6848,0,2026-05-22T16:11:42.693314+00:00,qwen2.5-coder:7b-instruct-q4_K_M,
HE,HumanEval/96,baseline,456,True,1.0,233,92,5.6858,0,2026-05-22T16:11:48.708208+00:00,qwen2.5-coder:7b-instruct-q4_K_M,
HE,HumanEval/97,baseline,42,False,0.0,189,28,2.3927,0,2026-05-22T16:11:54.719207+00:00,qwen2.5-coder:7b-instruct-q4_K_M,
HE,HumanEval/97,baseline,123,False,0.0,189,28,1.7176,0,2026-05-22T16:11:57.191458+00:00,qwen2.5-coder:7b-instruct-q4_K_M,
HE,HumanEval/97,baseline,456,False,0.0,189,28,1.745,0,2026-05-22T16:11:58.990699+00:00,qwen2.5-coder:7b-instruct-q4_K_M,
HE,HumanEval/98,baseline,42,True,1.0,149,44,3.4261,0,2026-05-22T16:12:00.836361+00:00,qwen2.5-coder:7b-instruct-q4_K_M,
HE,HumanEval/98,baseline,123,True,1.0,149,44,2.9644,0,2026-05-22T16:12:57.510591+00:00,qwen2.5-coder:7b-instruct-q4_K_M,
HE,HumanEval/98,baseline,456,True,1.0,149,44,2.6663,0,2026-05-22T16:13:00.563668+00:00,qwen2.5-coder:7b-instruct-q4_K_M,
HE,HumanEval/99,baseline,42,False,0.0,241,49,3.9483,0,2026-05-22T16:13:03.332149+00:00,qwen2.5-coder:7b-instruct-q4_K_M,
HE,HumanEval/99,baseline,123,False,0.0,241,49,2.9445,0,2026-05-22T16:13:07.367926+00:00,qwen2.5-coder:7b-instruct-q4_K_M,
HE,HumanEval/99,baseline,456,True,1.0,241,49,2.9138,0,2026-05-22T16:13:10.413801+00:00,qwen2.5-coder:7b-instruct-q4_K_M,
HE,HumanEval/100,baseline,42,True,1.0,211,70,5.0391,0,2026-05-22T16:13:13.417336+00:00,qwen2.5-coder:7b-instruct-q4_K_M,
HE,HumanEval/100,baseline,123,True,1.0,211,70,4.1426,0,2026-05-22T16:13:18.636557+00:00,qwen2.5-coder:7b-instruct-q4_K_M,
HE,HumanEval/100,baseline,456,True,1.0,211,70,4.1419,0,2026-05-22T16:13:22.969910+00:00,qwen2.5-coder:7b-instruct-q4_K_M,
HE,HumanEval/101,baseline,42,True,1.0,193,19,1.8891,0,2026-05-22T16:13:27.300287+00:00,qwen2.5-coder:7b-instruct-q4_K_M,
HE,HumanEval/101,baseline,123,True,1.0,193,19,1.196,0,2026-05-22T16:13:29.299023+00:00,qwen2.5-coder:7b-instruct-q4_K_M,
HE,HumanEval/101,baseline,456,True,1.0,193,19,1.194,0,2026-05-22T16:13:30.602911+00:00,qwen2.5-coder:7b-instruct-q4_K_M,
HE,HumanEval/102,baseline,42,True,1.0,176,57,4.0662,0,2026-05-22T16:13:31.903961+00:00,qwen2.5-coder:7b-instruct-q4_K_M,
HE,HumanEval/102,baseline,123,True,1.0,176,60,3.5656,0,2026-05-22T16:13:36.071530+00:00,qwen2.5-coder:7b-instruct-q4_K_M,
HE,HumanEval/102,baseline,456,True,1.0,176,57,3.4009,0,2026-05-22T16:13:39.738170+00:00,qwen2.5-coder:7b-instruct-q4_K_M,
HE,HumanEval/103,baseline,42,True,1.0,227,41,3.5555,0,2026-05-22T16:13:43.243157+00:00,qwen2.5-coder:7b-instruct-q4_K_M,
HE,HumanEval/103,baseline,123,True,1.0,227,41,2.501,0,2026-05-22T16:13:46.896420+00:00,qwen2.5-coder:7b-instruct-q4_K_M,
HE,HumanEval/103,baseline,456,True,1.0,227,41,2.6509,0,2026-05-22T16:13:49.499357+00:00,qwen2.5-coder:7b-instruct-q4_K_M,
HE,HumanEval/104,baseline,42,True,1.0,192,49,4.1134,0,2026-05-22T16:13:52.257938+00:00,qwen2.5-coder:7b-instruct-q4_K_M,
HE,HumanEval/104,baseline,123,True,1.0,192,49,3.3416,0,2026-05-22T16:13:56.496839+00:00,qwen2.5-coder:7b-instruct-q4_K_M,
HE,HumanEval/104,baseline,456,True,1.0,192,49,3.7037,0,2026-05-22T16:13:59.973058+00:00,qwen2.5-coder:7b-instruct-q4_K_M,
HE,HumanEval/105,baseline,42,True,1.0,356,74,6.8506,0,2026-05-22T16:14:03.825760+00:00,qwen2.5-coder:7b-instruct-q4_K_M,
HE,HumanEval/105,baseline,123,True,1.0,356,86,5.2115,0,2026-05-22T16:14:10.807606+00:00,qwen2.5-coder:7b-instruct-q4_K_M,
HE,HumanEval/105,baseline,456,True,1.0,356,73,4.4792,0,2026-05-22T16:14:16.139251+00:00,qwen2.5-coder:7b-instruct-q4_K_M,
HE,HumanEval/106,baseline,42,True,1.0,202,116,8.8612,0,2026-05-22T16:14:20.740585+00:00,qwen2.5-coder:7b-instruct-q4_K_M,
HE,HumanEval/106,baseline,123,True,1.0,202,93,7.1799,0,2026-05-22T16:14:29.714964+00:00,qwen2.5-coder:7b-instruct-q4_K_M,
HE,HumanEval/106,baseline,456,True,1.0,202,116,9.3431,0,2026-05-22T16:14:37.116055+00:00,qwen2.5-coder:7b-instruct-q4_K_M,
HE,HumanEval/107,baseline,42,True,1.0,293,101,9.9874,0,2026-05-22T16:14:46.568915+00:00,qwen2.5-coder:7b-instruct-q4_K_M,
HE,HumanEval/107,baseline,123,True,1.0,293,102,9.997,0,2026-05-22T16:14:56.731572+00:00,qwen2.5-coder:7b-instruct-q4_K_M,
HE,HumanEval/107,baseline,456,True,1.0,293,101,11.1421,0,2026-05-22T16:15:06.829766+00:00,qwen2.5-coder:7b-instruct-q4_K_M,
HE,HumanEval/108,baseline,42,True,1.0,205,90,13.2322,0,2026-05-22T16:15:18.075396+00:00,qwen2.5-coder:7b-instruct-q4_K_M,
HE,HumanEval/108,baseline,123,True,1.0,205,89,11.9443,0,2026-05-22T16:15:31.468056+00:00,qwen2.5-coder:7b-instruct-q4_K_M,
HE,HumanEval/108,baseline,456,True,1.0,205,90,11.6124,0,2026-05-22T16:15:43.525216+00:00,qwen2.5-coder:7b-instruct-q4_K_M,
HE,HumanEval/109,baseline,42,True,1.0,377,66,16.6036,0,2026-05-22T16:15:55.258273+00:00,qwen2.5-coder:7b-instruct-q4_K_M,
HE,HumanEval/109,baseline,123,True,1.0,377,66,11.375,0,2026-05-22T16:16:11.993920+00:00,qwen2.5-coder:7b-instruct-q4_K_M,
HE,HumanEval/109,baseline,456,True,1.0,377,66,9.8646,0,2026-05-22T16:16:23.505691+00:00,qwen2.5-coder:7b-instruct-q4_K_M,
HE,HumanEval/110,baseline,42,True,1.0,273,76,14.3533,0,2026-05-22T16:16:33.492684+00:00,qwen2.5-coder:7b-instruct-q4_K_M,
HE,HumanEval/110,baseline,123,True,1.0,273,83,13.2837,0,2026-05-22T16:16:47.963989+00:00,qwen2.5-coder:7b-instruct-q4_K_M,
HE,HumanEval/110,baseline,456,True,1.0,273,76,11.0663,0,2026-05-22T16:17:01.358931+00:00,qwen2.5-coder:7b-instruct-q4_K_M,
HE,HumanEval/111,baseline,42,True,1.0,228,115,20.9505,0,2026-05-22T16:17:12.578480+00:00,qwen2.5-coder:7b-instruct-q4_K_M,
HE,HumanEval/111,baseline,123,True,1.0,228,104,14.3916,0,2026-05-22T16:17:33.651017+00:00,qwen2.5-coder:7b-instruct-q4_K_M,
HE,HumanEval/111,baseline,456,True,1.0,228,109,9.6448,0,2026-05-22T16:17:48.170364+00:00,qwen2.5-coder:7b-instruct-q4_K_M,
HE,HumanEval/112,baseline,42,True,1.0,239,40,5.0969,0,2026-05-22T16:17:57.920130+00:00,qwen2.5-coder:7b-instruct-q4_K_M,
HE,HumanEval/112,baseline,123,True,1.0,239,40,3.3591,0,2026-05-22T16:18:03.121436+00:00,qwen2.5-coder:7b-instruct-q4_K_M,
HE,HumanEval/112,baseline,456,True,1.0,239,40,3.488,0,2026-05-22T16:18:06.586938+00:00,qwen2.5-coder:7b-instruct-q4_K_M,
HE,HumanEval/113,baseline,42,False,0.0,259,73,7.474,0,2026-05-22T16:18:10.151101+00:00,qwen2.5-coder:7b-instruct-q4_K_M,
HE,HumanEval/113,baseline,123,True,1.0,259,110,13.0542,0,2026-05-22T16:18:17.738655+00:00,qwen2.5-coder:7b-instruct-q4_K_M,
HE,HumanEval/113,baseline,456,False,0.0,259,73,7.7002,0,2026-05-22T16:18:31.216843+00:00,qwen2.5-coder:7b-instruct-q4_K_M,
HE,HumanEval/114,baseline,42,True,1.0,167,61,6.3264,0,2026-05-22T16:18:39.055366+00:00,qwen2.5-coder:7b-instruct-q4_K_M,
HE,HumanEval/114,baseline,123,True,1.0,167,61,5.6284,0,2026-05-22T16:18:45.516234+00:00,qwen2.5-coder:7b-instruct-q4_K_M,
HE,HumanEval/114,baseline,456,True,1.0,167,61,6.3141,0,2026-05-22T16:18:51.278185+00:00,qwen2.5-coder:7b-instruct-q4_K_M,
HE,HumanEval/115,baseline,42,False,0.0,402,34,6.9954,0,2026-05-22T16:18:57.865170+00:00,qwen2.5-coder:7b-instruct-q4_K_M,
HE,HumanEval/115,baseline,123,False,0.0,402,34,2.9429,0,2026-05-22T16:19:04.980310+00:00,qwen2.5-coder:7b-instruct-q4_K_M,
HE,HumanEval/115,baseline,456,False,0.0,402,34,3.0234,0,2026-05-22T16:19:08.024236+00:00,qwen2.5-coder:7b-instruct-q4_K_M,
HE,HumanEval/116,baseline,42,True,1.0,247,29,3.8758,0,2026-05-22T16:19:11.163801+00:00,qwen2.5-coder:7b-instruct-q4_K_M,
HE,HumanEval/116,baseline,123,True,1.0,247,29,2.3072,0,2026-05-22T16:19:15.150941+00:00,qwen2.5-coder:7b-instruct-q4_K_M,
HE,HumanEval/116,baseline,456,True,1.0,247,29,2.9137,0,2026-05-22T16:19:17.555641+00:00,qwen2.5-coder:7b-instruct-q4_K_M,
HE,HumanEval/117,baseline,42,True,1.0,258,70,8.9722,0,2026-05-22T16:19:20.578332+00:00,qwen2.5-coder:7b-instruct-q4_K_M,
HE,HumanEval/117,baseline,123,True,1.0,258,70,6.1449,0,2026-05-22T16:19:29.655230+00:00,qwen2.5-coder:7b-instruct-q4_K_M,
HE,HumanEval/117,baseline,456,True,1.0,258,70,5.8516,0,2026-05-22T16:19:35.902948+00:00,qwen2.5-coder:7b-instruct-q4_K_M,
HE,HumanEval/118,baseline,42,True,1.0,229,75,7.3973,0,2026-05-22T16:19:41.856847+00:00,qwen2.5-coder:7b-instruct-q4_K_M,
HE,HumanEval/118,baseline,123,True,1.0,229,75,6.0536,0,2026-05-22T16:19:49.355770+00:00,qwen2.5-coder:7b-instruct-q4_K_M,
HE,HumanEval/118,baseline,456,True,1.0,229,75,5.937,0,2026-05-22T16:19:55.500131+00:00,qwen2.5-coder:7b-instruct-q4_K_M,
HE,HumanEval/119,baseline,42,True,1.0,247,119,10.7092,0,2026-05-22T16:20:01.534080+00:00,qwen2.5-coder:7b-instruct-q4_K_M,
HE,HumanEval/119,baseline,123,True,1.0,247,119,9.413,0,2026-05-22T16:20:12.339749+00:00,qwen2.5-coder:7b-instruct-q4_K_M,
HE,HumanEval/119,baseline,456,True,1.0,247,119,9.5732,0,2026-05-22T16:20:21.852025+00:00,qwen2.5-coder:7b-instruct-q4_K_M,
HE,HumanEval/120,baseline,42,False,0.0,299,18,3.8071,0,2026-05-22T16:20:31.494424+00:00,qwen2.5-coder:7b-instruct-q4_K_M,
HE,HumanEval/120,baseline,123,False,0.0,299,18,1.4926,0,2026-05-22T16:20:35.416072+00:00,qwen2.5-coder:7b-instruct-q4_K_M,
HE,HumanEval/120,baseline,456,False,0.0,299,18,1.5336,0,2026-05-22T16:20:37.020822+00:00,qwen2.5-coder:7b-instruct-q4_K_M,
HE,HumanEval/121,baseline,42,False,0.0,179,38,4.3208,0,2026-05-22T16:20:38.665219+00:00,qwen2.5-coder:7b-instruct-q4_K_M,
HE,HumanEval/121,baseline,123,False,0.0,179,38,3.3131,0,2026-05-22T16:20:43.092813+00:00,qwen2.5-coder:7b-instruct-q4_K_M,
HE,HumanEval/121,baseline,456,False,0.0,179,38,3.3833,0,2026-05-22T16:20:46.515267+00:00,qwen2.5-coder:7b-instruct-q4_K_M,
HE,HumanEval/122,baseline,42,True,1.0,214,34,4.1284,0,2026-05-22T16:20:50.008091+00:00,qwen2.5-coder:7b-instruct-q4_K_M,
HE,HumanEval/122,baseline,123,True,1.0,214,34,2.7937,0,2026-05-22T16:20:54.246956+00:00,qwen2.5-coder:7b-instruct-q4_K_M,
HE,HumanEval/122,baseline,456,True,1.0,214,34,2.8566,0,2026-05-22T16:20:57.152679+00:00,qwen2.5-coder:7b-instruct-q4_K_M,
HE,HumanEval/123,baseline,42,True,1.0,311,105,11.0576,0,2026-05-22T16:21:00.119454+00:00,qwen2.5-coder:7b-instruct-q4_K_M,
HE,HumanEval/123,baseline,123,True,1.0,311,105,10.0317,0,2026-05-22T16:21:11.286866+00:00,qwen2.5-coder:7b-instruct-q4_K_M,
HE,HumanEval/123,baseline,456,True,1.0,311,105,10.264,0,2026-05-22T16:21:21.423042+00:00,qwen2.5-coder:7b-instruct-q4_K_M,
HE,HumanEval/124,baseline,42,False,0.0,366,171,21.7814,0,2026-05-22T16:21:31.791737+00:00,qwen2.5-coder:7b-instruct-q4_K_M,
HE,HumanEval/124,baseline,123,True,1.0,366,181,20.4265,0,2026-05-22T16:21:53.671287+00:00,qwen2.5-coder:7b-instruct-q4_K_M,
HE,HumanEval/124,baseline,456,False,0.0,366,171,16.72,0,2026-05-22T16:22:14.200890+00:00,qwen2.5-coder:7b-instruct-q4_K_M,
HE,HumanEval/125,baseline,42,False,0.0,218,67,7.5941,0,2026-05-22T16:22:31.018553+00:00,qwen2.5-coder:7b-instruct-q4_K_M,
HE,HumanEval/125,baseline,123,False,0.0,218,67,6.3391,0,2026-05-22T16:22:38.717523+00:00,qwen2.5-coder:7b-instruct-q4_K_M,
HE,HumanEval/125,baseline,456,False,0.0,218,67,6.7314,0,2026-05-22T16:22:45.159334+00:00,qwen2.5-coder:7b-instruct-q4_K_M,
HE,HumanEval/126,baseline,42,True,1.0,326,82,10.1395,0,2026-05-22T16:22:51.993824+00:00,qwen2.5-coder:7b-instruct-q4_K_M,
HE,HumanEval/126,baseline,123,True,1.0,326,82,8.6045,0,2026-05-22T16:23:02.243247+00:00,qwen2.5-coder:7b-instruct-q4_K_M,
HE,HumanEval/126,baseline,456,True,1.0,326,82,10.5408,0,2026-05-22T16:23:10.987253+00:00,qwen2.5-coder:7b-instruct-q4_K_M,
HE,HumanEval/127,baseline,42,False,0.0,330,128,18.1261,0,2026-05-22T16:23:21.637417+00:00,qwen2.5-coder:7b-instruct-q4_K_M,
HE,HumanEval/127,baseline,123,False,0.0,330,128,16.0432,0,2026-05-22T16:23:39.866593+00:00,qwen2.5-coder:7b-instruct-q4_K_M,
HE,HumanEval/127,baseline,456,False,0.0,330,128,15.7257,0,2026-05-22T16:23:56.010883+00:00,qwen2.5-coder:7b-instruct-q4_K_M,
HE,HumanEval/128,baseline,42,True,1.0,200,82,10.8818,0,2026-05-22T16:24:11.838535+00:00,qwen2.5-coder:7b-instruct-q4_K_M,
HE,HumanEval/128,baseline,123,True,1.0,200,82,9.8629,0,2026-05-22T16:24:22.828847+00:00,qwen2.5-coder:7b-instruct-q4_K_M,
HE,HumanEval/128,baseline,456,True,1.0,200,81,8.7845,0,2026-05-22T16:24:32.802648+00:00,qwen2.5-coder:7b-instruct-q4_K_M,
HE,HumanEval/129,baseline,42,False,0.0,473,229,35.938,0,2026-05-22T16:24:41.696861+00:00,qwen2.5-coder:7b-instruct-q4_K_M,
HE,HumanEval/129,baseline,123,False,0.0,473,212,28.0447,0,2026-05-22T16:25:22.644820+00:00,qwen2.5-coder:7b-instruct-q4_K_M,
HE,HumanEval/129,baseline,456,False,0.0,473,212,20.9127,0,2026-05-22T16:25:55.701532+00:00,qwen2.5-coder:7b-instruct-q4_K_M,
HE,HumanEval/130,baseline,42,False,0.0,311,122,12.4063,0,2026-05-22T16:26:21.629790+00:00,qwen2.5-coder:7b-instruct-q4_K_M,
HE,HumanEval/130,baseline,123,False,0.0,311,121,10.7451,0,2026-05-22T16:26:34.131674+00:00,qwen2.5-coder:7b-instruct-q4_K_M,
HE,HumanEval/130,baseline,456,False,0.0,311,120,10.314,0,2026-05-22T16:26:44.976177+00:00,qwen2.5-coder:7b-instruct-q4_K_M,
HE,HumanEval/131,baseline,42,True,1.0,150,64,6.1027,0,2026-05-22T16:26:55.386114+00:00,qwen2.5-coder:7b-instruct-q4_K_M,
HE,HumanEval/131,baseline,123,True,1.0,150,66,5.5984,0,2026-05-22T16:27:01.587362+00:00,qwen2.5-coder:7b-instruct-q4_K_M,
HE,HumanEval/131,baseline,456,True,1.0,150,66,5.6348,0,2026-05-22T16:27:07.285659+00:00,qwen2.5-coder:7b-instruct-q4_K_M,
HE,HumanEval/132,baseline,42,False,0.0,210,65,6.6008,0,2026-05-22T16:27:13.019039+00:00,qwen2.5-coder:7b-instruct-q4_K_M,
HE,HumanEval/132,baseline,123,False,0.0,210,65,5.5259,0,2026-05-22T16:27:19.720454+00:00,qwen2.5-coder:7b-instruct-q4_K_M,
HE,HumanEval/132,baseline,456,False,0.0,210,65,5.5361,0,2026-05-22T16:27:25.345617+00:00,qwen2.5-coder:7b-instruct-q4_K_M,
HE,HumanEval/133,baseline,42,True,1.0,239,29,3.8994,0,2026-05-22T16:27:30.980940+00:00,qwen2.5-coder:7b-instruct-q4_K_M,
HE,HumanEval/133,baseline,123,True,1.0,239,29,2.3269,0,2026-05-22T16:27:34.992201+00:00,qwen2.5-coder:7b-instruct-q4_K_M,
HE,HumanEval/133,baseline,456,True,1.0,239,29,2.4112,0,2026-05-22T16:27:37.429093+00:00,qwen2.5-coder:7b-instruct-q4_K_M,
HE,HumanEval/134,baseline,42,False,0.0,219,49,5.2458,0,2026-05-22T16:27:39.951666+00:00,qwen2.5-coder:7b-instruct-q4_K_M,
HE,HumanEval/134,baseline,123,True,1.0,219,57,4.7182,0,2026-05-22T16:27:45.297897+00:00,qwen2.5-coder:7b-instruct-q4_K_M,
HE,HumanEval/134,baseline,456,False,0.0,219,49,4.0685,0,2026-05-22T16:27:50.113359+00:00,qwen2.5-coder:7b-instruct-q4_K_M,
HE,HumanEval/135,baseline,42,True,1.0,181,50,5.5558,0,2026-05-22T16:27:54.281546+00:00,qwen2.5-coder:7b-instruct-q4_K_M,
HE,HumanEval/135,baseline,123,True,1.0,181,50,5.0897,0,2026-05-22T16:27:59.933717+00:00,qwen2.5-coder:7b-instruct-q4_K_M,
HE,HumanEval/135,baseline,456,True,1.0,181,50,5.6101,0,2026-05-22T16:28:05.129887+00:00,qwen2.5-coder:7b-instruct-q4_K_M,
HE,HumanEval/136,baseline,42,True,1.0,219,77,12.298,0,2026-05-22T16:28:10.854723+00:00,qwen2.5-coder:7b-instruct-q4_K_M,
HE,HumanEval/136,baseline,123,True,1.0,219,66,7.8703,0,2026-05-22T16:28:23.283954+00:00,qwen2.5-coder:7b-instruct-q4_K_M,
HE,HumanEval/136,baseline,456,True,1.0,219,77,7.6764,0,2026-05-22T16:28:31.264865+00:00,qwen2.5-coder:7b-instruct-q4_K_M,
HE,HumanEval/137,baseline,42,True,1.0,218,92,12.0476,0,2026-05-22T16:28:39.178248+00:00,qwen2.5-coder:7b-instruct-q4_K_M,
HE,HumanEval/137,baseline,123,True,1.0,218,87,7.5899,0,2026-05-22T16:28:51.326182+00:00,qwen2.5-coder:7b-instruct-q4_K_M,
HE,HumanEval/137,baseline,456,True,1.0,218,90,6.748,0,2026-05-22T16:28:59.020652+00:00,qwen2.5-coder:7b-instruct-q4_K_M,
HE,HumanEval/138,baseline,42,True,1.0,157,28,2.7088,0,2026-05-22T16:29:05.870119+00:00,qwen2.5-coder:7b-instruct-q4_K_M,
HE,HumanEval/138,baseline,123,True,1.0,157,28,2.0225,0,2026-05-22T16:29:08.677664+00:00,qwen2.5-coder:7b-instruct-q4_K_M,
HE,HumanEval/138,baseline,456,True,1.0,157,28,2.0349,0,2026-05-22T16:29:10.792862+00:00,qwen2.5-coder:7b-instruct-q4_K_M,
HE,HumanEval/139,baseline,42,False,0.0,175,45,4.1137,0,2026-05-22T16:29:12.918424+00:00,qwen2.5-coder:7b-instruct-q4_K_M,
HE,HumanEval/139,baseline,123,False,0.0,175,45,2.6006,0,2026-05-22T16:29:22.045773+00:00,qwen2.5-coder:7b-instruct-q4_K_M,
HE,HumanEval/139,baseline,456,False,0.0,175,45,2.6044,0,2026-05-22T16:29:29.658410+00:00,qwen2.5-coder:7b-instruct-q4_K_M,
HE,HumanEval/140,baseline,42,False,0.0,183,24,2.0781,0,2026-05-22T16:29:37.272896+00:00,qwen2.5-coder:7b-instruct-q4_K_M,
HE,HumanEval/140,baseline,123,False,0.0,183,24,1.4032,0,2026-05-22T16:29:39.452256+00:00,qwen2.5-coder:7b-instruct-q4_K_M,
HE,HumanEval/140,baseline,456,False,0.0,183,24,1.4098,0,2026-05-22T16:29:40.954721+00:00,qwen2.5-coder:7b-instruct-q4_K_M,
HE,HumanEval/141,baseline,42,False,0.0,292,131,9.3965,0,2026-05-22T16:29:42.465301+00:00,qwen2.5-coder:7b-instruct-q4_K_M,
HE,HumanEval/141,baseline,123,False,0.0,292,131,9.5275,0,2026-05-22T16:29:51.964459+00:00,qwen2.5-coder:7b-instruct-q4_K_M,
HE,HumanEval/141,baseline,456,False,0.0,292,64,6.5224,0,2026-05-22T16:30:01.592888+00:00,qwen2.5-coder:7b-instruct-q4_K_M,
HE,HumanEval/142,baseline,42,True,1.0,249,55,7.378,0,2026-05-22T16:30:08.258321+00:00,qwen2.5-coder:7b-instruct-q4_K_M,
HE,HumanEval/142,baseline,123,True,1.0,249,47,5.0796,0,2026-05-22T16:30:15.755495+00:00,qwen2.5-coder:7b-instruct-q4_K_M,
HE,HumanEval/142,baseline,456,True,1.0,249,47,4.9099,0,2026-05-22T16:30:20.957521+00:00,qwen2.5-coder:7b-instruct-q4_K_M,
HE,HumanEval/143,baseline,42,True,1.0,227,96,12.3322,0,2026-05-22T16:30:25.990582+00:00,qwen2.5-coder:7b-instruct-q4_K_M,
HE,HumanEval/143,baseline,123,True,1.0,227,96,9.7895,0,2026-05-22T16:30:38.424825+00:00,qwen2.5-coder:7b-instruct-q4_K_M,
HE,HumanEval/143,baseline,456,True,1.0,227,96,12.076,0,2026-05-22T16:30:48.318708+00:00,qwen2.5-coder:7b-instruct-q4_K_M,
HE,HumanEval/144,baseline,42,True,1.0,234,61,8.0461,0,2026-05-22T16:31:00.493515+00:00,qwen2.5-coder:7b-instruct-q4_K_M,
HE,HumanEval/144,baseline,123,True,1.0,234,61,4.6755,0,2026-05-22T16:31:08.643802+00:00,qwen2.5-coder:7b-instruct-q4_K_M,
HE,HumanEval/144,baseline,456,True,1.0,234,64,4.8115,0,2026-05-22T16:31:13.446682+00:00,qwen2.5-coder:7b-instruct-q4_K_M,
HE,HumanEval/145,baseline,42,False,0.0,199,37,3.7913,0,2026-05-22T16:31:18.358832+00:00,qwen2.5-coder:7b-instruct-q4_K_M,
HE,HumanEval/145,baseline,123,False,0.0,199,37,2.6948,0,2026-05-22T16:31:22.279916+00:00,qwen2.5-coder:7b-instruct-q4_K_M,
HE,HumanEval/145,baseline,456,False,0.0,199,37,2.6837,0,2026-05-22T16:31:25.104617+00:00,qwen2.5-coder:7b-instruct-q4_K_M,
HE,HumanEval/146,baseline,42,True,1.0,206,87,7.429,0,2026-05-22T16:31:27.917265+00:00,qwen2.5-coder:7b-instruct-q4_K_M,
HE,HumanEval/146,baseline,123,False,0.0,206,93,6.8859,0,2026-05-22T16:31:35.453617+00:00,qwen2.5-coder:7b-instruct-q4_K_M,
HE,HumanEval/146,baseline,456,False,0.0,206,82,6.391,0,2026-05-22T16:31:42.449134+00:00,qwen2.5-coder:7b-instruct-q4_K_M,
HE,HumanEval/147,baseline,42,True,1.0,247,104,9.1735,0,2026-05-22T16:31:48.944064+00:00,qwen2.5-coder:7b-instruct-q4_K_M,
HE,HumanEval/147,baseline,123,True,1.0,247,104,7.7282,0,2026-05-22T16:31:59.212033+00:00,qwen2.5-coder:7b-instruct-q4_K_M,
HE,HumanEval/147,baseline,456,True,1.0,247,104,7.8207,0,2026-05-22T16:32:08.045452+00:00,qwen2.5-coder:7b-instruct-q4_K_M,
HE,HumanEval/148,baseline,42,True,1.0,287,119,10.4118,0,2026-05-22T16:32:16.969026+00:00,qwen2.5-coder:7b-instruct-q4_K_M,
HE,HumanEval/148,baseline,123,True,1.0,287,119,9.0922,0,2026-05-22T16:32:27.482401+00:00,qwen2.5-coder:7b-instruct-q4_K_M,
HE,HumanEval/148,baseline,456,True,1.0,287,119,9.0924,0,2026-05-22T16:32:36.675052+00:00,qwen2.5-coder:7b-instruct-q4_K_M,
HE,HumanEval/149,baseline,42,True,1.0,265,41,4.7057,0,2026-05-22T16:32:45.869356+00:00,qwen2.5-coder:7b-instruct-q4_K_M,
HE,HumanEval/149,baseline,123,True,1.0,265,41,3.1264,0,2026-05-22T16:32:50.684930+00:00,qwen2.5-coder:7b-instruct-q4_K_M,
HE,HumanEval/149,baseline,456,True,1.0,265,41,3.2187,0,2026-05-22T16:32:53.922444+00:00,qwen2.5-coder:7b-instruct-q4_K_M,
HE,HumanEval/150,baseline,42,True,1.0,168,78,7.1296,0,2026-05-22T16:32:57.253433+00:00,qwen2.5-coder:7b-instruct-q4_K_M,
HE,HumanEval/150,baseline,123,True,1.0,168,78,6.5006,0,2026-05-22T16:33:04.489911+00:00,qwen2.5-coder:7b-instruct-q4_K_M,
HE,HumanEval/150,baseline,456,True,1.0,168,78,6.6991,0,2026-05-22T16:33:11.093397+00:00,qwen2.5-coder:7b-instruct-q4_K_M,
HE,HumanEval/151,baseline,42,True,1.0,217,41,5.4636,0,2026-05-22T16:33:17.886480+00:00,qwen2.5-coder:7b-instruct-q4_K_M,
HE,HumanEval/151,baseline,123,True,1.0,217,41,3.7531,0,2026-05-22T16:33:23.463861+00:00,qwen2.5-coder:7b-instruct-q4_K_M,
HE,HumanEval/151,baseline,456,True,1.0,217,41,3.3891,0,2026-05-22T16:33:27.331541+00:00,qwen2.5-coder:7b-instruct-q4_K_M,
HE,HumanEval/152,baseline,42,True,1.0,306,29,4.2876,0,2026-05-22T16:33:30.833899+00:00,qwen2.5-coder:7b-instruct-q4_K_M,
HE,HumanEval/152,baseline,123,True,1.0,306,29,2.2296,0,2026-05-22T16:33:35.241367+00:00,qwen2.5-coder:7b-instruct-q4_K_M,
HE,HumanEval/152,baseline,456,True,1.0,306,29,2.2272,0,2026-05-22T16:33:37.585833+00:00,qwen2.5-coder:7b-instruct-q4_K_M,
HE,HumanEval/153,baseline,42,True,1.0,356,112,11.0347,0,2026-05-22T16:33:39.928348+00:00,qwen2.5-coder:7b-instruct-q4_K_M,
HE,HumanEval/153,baseline,123,True,1.0,356,112,8.9225,0,2026-05-22T16:33:51.061334+00:00,qwen2.5-coder:7b-instruct-q4_K_M,
HE,HumanEval/153,baseline,456,True,1.0,356,112,8.9325,0,2026-05-22T16:34:00.081115+00:00,qwen2.5-coder:7b-instruct-q4_K_M,
HE,HumanEval/154,baseline,42,False,0.0,208,33,3.6971,0,2026-05-22T16:34:09.110818+00:00,qwen2.5-coder:7b-instruct-q4_K_M,
HE,HumanEval/154,baseline,123,False,0.0,208,33,2.5633,0,2026-05-22T16:34:12.908188+00:00,qwen2.5-coder:7b-instruct-q4_K_M,
HE,HumanEval/154,baseline,456,False,0.0,208,33,2.6135,0,2026-05-22T16:34:15.570909+00:00,qwen2.5-coder:7b-instruct-q4_K_M,
HE,HumanEval/155,baseline,42,True,1.0,146,76,6.7096,0,2026-05-22T16:34:18.289238+00:00,qwen2.5-coder:7b-instruct-q4_K_M,
HE,HumanEval/155,baseline,123,True,1.0,146,76,6.1146,0,2026-05-22T16:34:25.096507+00:00,qwen2.5-coder:7b-instruct-q4_K_M,
HE,HumanEval/155,baseline,456,True,1.0,146,76,6.1688,0,2026-05-22T16:34:31.307438+00:00,qwen2.5-coder:7b-instruct-q4_K_M,
HE,HumanEval/156,baseline,42,True,1.0,188,183,15.7324,0,2026-05-22T16:34:37.572871+00:00,qwen2.5-coder:7b-instruct-q4_K_M,
HE,HumanEval/156,baseline,123,True,1.0,188,183,14.9305,0,2026-05-22T16:34:53.402609+00:00,qwen2.5-coder:7b-instruct-q4_K_M,
HE,HumanEval/156,baseline,456,True,1.0,188,183,14.7498,0,2026-05-22T16:35:08.429521+00:00,qwen2.5-coder:7b-instruct-q4_K_M,
HE,HumanEval/157,baseline,42,True,1.0,187,46,4.6871,0,2026-05-22T16:35:23.275339+00:00,qwen2.5-coder:7b-instruct-q4_K_M,
HE,HumanEval/157,baseline,123,True,1.0,187,46,3.6514,0,2026-05-22T16:35:28.062021+00:00,qwen2.5-coder:7b-instruct-q4_K_M,
HE,HumanEval/157,baseline,456,True,1.0,187,46,3.7913,0,2026-05-22T16:35:31.819058+00:00,qwen2.5-coder:7b-instruct-q4_K_M,
HE,HumanEval/158,baseline,42,True,1.0,197,87,8.1276,0,2026-05-22T16:35:35.709673+00:00,qwen2.5-coder:7b-instruct-q4_K_M,
HE,HumanEval/158,baseline,123,True,1.0,197,87,7.2545,0,2026-05-22T16:35:43.951201+00:00,qwen2.5-coder:7b-instruct-q4_K_M,
HE,HumanEval/158,baseline,456,True,1.0,197,87,7.3554,0,2026-05-22T16:35:51.321916+00:00,qwen2.5-coder:7b-instruct-q4_K_M,
HE,HumanEval/159,baseline,42,True,1.0,366,49,6.2704,0,2026-05-22T16:35:58.783323+00:00,qwen2.5-coder:7b-instruct-q4_K_M,
HE,HumanEval/159,baseline,123,True,1.0,366,43,3.4889,0,2026-05-22T16:36:05.156132+00:00,qwen2.5-coder:7b-instruct-q4_K_M,
HE,HumanEval/159,baseline,456,True,1.0,366,43,3.4504,0,2026-05-22T16:36:08.748389+00:00,qwen2.5-coder:7b-instruct-q4_K_M,
HE,HumanEval/160,baseline,42,False,0.0,285,50,5.7158,0,2026-05-22T16:36:12.301748+00:00,qwen2.5-coder:7b-instruct-q4_K_M,
HE,HumanEval/160,baseline,123,False,0.0,285,50,4.0072,0,2026-05-22T16:36:18.119811+00:00,qwen2.5-coder:7b-instruct-q4_K_M,
HE,HumanEval/160,baseline,456,False,0.0,285,50,4.1497,0,2026-05-22T16:36:22.226983+00:00,qwen2.5-coder:7b-instruct-q4_K_M,
HE,HumanEval/161,baseline,42,True,1.0,187,50,4.9899,0,2026-05-22T16:36:26.480142+00:00,qwen2.5-coder:7b-instruct-q4_K_M,
HE,HumanEval/161,baseline,123,True,1.0,187,50,4.1038,0,2026-05-22T16:36:31.578074+00:00,qwen2.5-coder:7b-instruct-q4_K_M,
HE,HumanEval/161,baseline,456,True,1.0,187,50,4.2124,0,2026-05-22T16:36:35.784953+00:00,qwen2.5-coder:7b-instruct-q4_K_M,
HE,HumanEval/162,baseline,42,True,1.0,165,34,3.6346,0,2026-05-22T16:36:40.098901+00:00,qwen2.5-coder:7b-instruct-q4_K_M,
HE,HumanEval/162,baseline,123,True,1.0,165,34,2.7537,0,2026-05-22T16:36:43.837203+00:00,qwen2.5-coder:7b-instruct-q4_K_M,
HE,HumanEval/162,baseline,456,True,1.0,165,34,2.8073,0,2026-05-22T16:36:46.693162+00:00,qwen2.5-coder:7b-instruct-q4_K_M,
HE,HumanEval/163,baseline,42,False,0.0,184,53,5.1279,0,2026-05-22T16:36:49.608209+00:00,qwen2.5-coder:7b-instruct-q4_K_M,
HE,HumanEval/163,baseline,123,False,0.0,184,53,4.378,0,2026-05-22T16:36:54.839315+00:00,qwen2.5-coder:7b-instruct-q4_K_M,
HE,HumanEval/163,baseline,456,False,0.0,184,53,4.3397,0,2026-05-22T16:36:59.317013+00:00,qwen2.5-coder:7b-instruct-q4_K_M,
